,Random,Whole Word,Typhoon
Validation Loss,0.6218067407608032,2.7363359928131104,0.6191602945327759
Validation Matthews Correlation,0.15044770083461464,0.20202292868965951,0.15971484435137157
