,Random,Whole Word,Typhoon
Validation Loss,3.0053019523620605,3.7907118797302246,3.703134059906006
