,Random,Whole Word,Typhoon
Validation Loss,2.9743127822875977,3.22615385055542,3.2750537395477295
