,Random,Whole Word,Typhoon
Validation Loss,0.5155478715896606,0.4901997148990631,0.47634875774383545
Validation Accuracy,0.7181372549019608,0.7769607843137255,0.7867647058823529
Validation F1-Score,0.7766990291262135,0.8253358925143953,0.849740932642487
